{"session_id": "83005cca839944b4be335f81fa3d0028", "original_name": "43020261.pdf", "page_count": 114, "page_width": 595.2999877929688, "page_height": 841.9000244140625, "preview_width": 990, "preview_height": 1400}