{"session_id": "cae9f32d49e74834a7e92660568266cb", "original_name": "43020261.pdf", "page_count": 114, "default_preview": {"page_width": 595.2999877929688, "page_height": 841.9000244140625, "preview_width": 990, "preview_height": 1400}}